{
  "model": {
    "version": 2,
    "nodes": [
      {
        "name": "RootNode",
        "position": [
          0,
          0,
          0
        ],
        "rotation": [
          0,
          0,
          0
        ],
        "scale": [
          1,
          1,
          1
        ],
        "scaleCompensation": false
      },
      {
        "name": "LetterPickups:L",
        "position": [
          0,
          0,
          0
        ],
        "rotation": [
          0,
          0,
          0
        ],
        "scale": [
          0.01,
          0.01,
          0.01
        ],
        "scaleCompensation": false
      }
    ],
    "parents": [
      -1,
      0
    ],
    "skins": [],
    "morphs": [],
    "vertices": [
      {
        "position": {
          "type": "float32",
          "components": 3,
          "data": [
            29.1759,
            -18.0244,
            22.6125,
            2.26855,
            -19.9404,
            22.6125,
            30.0828,
            -37.4527,
            22.6125,
            3.55307,
            -43.0959,
            22.6125,
            -23.274,
            -45.6617,
            22.6125,
            -23.2,
            96.8989,
            22.6125,
            3.74796,
            97.4461,
            22.6125,
            -8.89462,
            97.72,
            22.6125,
            2.26855,
            -19.9404,
            22.6125,
            29.1759,
            -18.0244,
            22.6125,
            2.26855,
            -19.9404,
            -19.9125,
            29.1759,
            -18.0244,
            -19.9125,
            30.0828,
            -37.4527,
            22.6125,
            30.0828,
            -37.4527,
            -19.9125,
            29.1759,
            -18.0244,
            22.6125,
            29.1759,
            -18.0244,
            -19.9125,
            3.55307,
            -43.0959,
            22.6125,
            3.55307,
            -43.0959,
            -19.9125,
            -23.274,
            -45.6617,
            22.6125,
            -23.274,
            -45.6617,
            -19.9125,
            -23.2,
            96.8989,
            -19.9125,
            -23.274,
            -45.6617,
            -19.9125,
            -23.2,
            96.8989,
            22.6125,
            -23.274,
            -45.6617,
            22.6125,
            3.74796,
            97.4461,
            22.6125,
            3.74796,
            97.4461,
            -19.9125,
            -8.89462,
            97.72,
            22.6125,
            -8.89462,
            97.72,
            -19.9125,
            2.26855,
            -19.9404,
            22.6125,
            2.26855,
            -19.9404,
            -19.9125,
            8.76967,
            101.836,
            26.865,
            -28.3919,
            101.105,
            26.865,
            -28.3919,
            101.105,
            -24.165,
            8.76967,
            101.836,
            -24.165,
            -27.5914,
            -49.4854,
            26.865,
            4.89474,
            -48.1295,
            26.865,
            -27.5914,
            -49.4854,
            -24.165,
            4.89474,
            -48.1295,
            -24.165,
            8.76967,
            101.836,
            26.865,
            8.40569,
            -13.8266,
            -24.165,
            8.40569,
            -13.8266,
            26.865,
            8.76967,
            101.836,
            -24.165,
            35.7452,
            -42.2081,
            26.865,
            32.7219,
            -12.5153,
            26.865,
            35.7452,
            -42.2081,
            -24.165,
            32.7219,
            -12.5153,
            -24.165,
            -27.5914,
            -49.4854,
            26.865,
            -29.2737,
            -25.6309,
            26.865,
            4.89474,
            -48.1295,
            26.865,
            8.40569,
            -13.8266,
            26.865,
            -29.2737,
            -25.6309,
            -24.165,
            -29.2737,
            -25.6309,
            26.865,
            -28.3919,
            101.105,
            -24.165,
            8.40569,
            -13.8266,
            -24.165,
            8.76967,
            101.836,
            -24.165,
            -29.2737,
            -25.6309,
            -24.165,
            4.89474,
            -48.1295,
            -24.165,
            -27.5914,
            -49.4854,
            -24.165,
            35.7452,
            -42.2081,
            26.865,
            32.7219,
            -12.5153,
            26.865,
            8.40569,
            -13.8266,
            26.865,
            8.40569,
            -13.8266,
            -24.165,
            35.7452,
            -42.2081,
            -24.165,
            32.7219,
            -12.5153,
            -24.165
          ]
        },
        "normal": {
          "type": "float32",
          "components": 3,