{
  "model": {
    "version": 2,
    "nodes": [
      {
        "name": "RootNode",
        "position": [
          0,
          0,
          0
        ],
        "rotation": [
          0,
          0,
          0
        ],
        "scale": [
          1,
          1,
          1
        ],
        "scaleCompensation": false
      },
      {
        "name": "LetterPickups:I",
        "position": [
          0,
          0,
          0
        ],
        "rotation": [
          0,
          0,
          0
        ],
        "scale": [
          0.01,
          0.01,
          0.01
        ],
        "scaleCompensation": false
      }
    ],
    "parents": [
      -1,
      0
    ],
    "skins": [],
    "morphs": [],
    "vertices": [
      {
        "position": {
          "type": "float32",
          "components": 3,
          "data": [
            1.89687,
            97.1728,
            22.6125,
            -24.5461,
            97.9939,
            22.6125,
            2.79096,
            -44.8406,
            22.6125,
            -21.1715,
            -46.4827,
            22.6125,
            -24.5461,
            97.9939,
            22.6125,
            1.89687,
            97.1728,
            22.6125,
            1.89687,
            97.1728,
            -19.9125,
            -24.5461,
            97.9939,
            -19.9125,
            2.79096,
            -44.8406,
            22.6125,
            2.79096,
            -44.8406,
            -19.9125,
            -24.5461,
            97.9939,
            -19.9125,
            -21.1715,
            -46.4827,
            -19.9125,
            -24.5461,
            97.9939,
            22.6125,
            -21.1715,
            -46.4827,
            22.6125,
            -21.1715,
            -46.4827,
            22.6125,
            -21.1715,
            -46.4827,
            -19.9125,
            -29.6851,
            102.265,
            26.865,
            -25.7849,
            -51.7556,
            26.865,
            -25.7849,
            -51.7556,
            -24.165,
            -29.6851,
            102.265,
            -24.165,
            7.01936,
            101.426,
            26.865,
            -29.6851,
            102.265,
            26.865,
            -29.6851,
            102.265,
            -24.165,
            7.01936,
            101.426,
            -24.165,
            8.46976,
            -49.2376,
            -24.165,
            8.46976,
            -49.2376,
            26.865,
            -25.7849,
            -51.7556,
            26.865,
            -25.7849,
            -51.7556,
            -24.165,
            -29.6851,
            102.265,
            -24.165,
            8.46976,
            -49.2376,
            -24.165,
            7.01936,
            101.426,
            -24.165,
            -25.7849,
            -51.7556,
            -24.165
          ]
        },
        "normal": {
          "type": "float32",
          "components": 3,
          "data": [
            0,
            0,
            1,
            0,
            0,
            1,
            0,
            0,
            1,
            0,
            0,
            1,
            0.0310363,
            0.999518,
            0,
            0.715801,
            0.698304,
            0,
            0.715801,
            0.698304,
            0,
            0.0310363,
            0.999518,
            0,
            0.733024,
            -0.680203,
            0,
            0.733024,
            -0.680203,
            0,
            -0.999727,
            -0.0233512,
            0,
            -0.999727,
            -0.0233512,
            0,
            -0.999727,
            -0.0233512,
            0,
            -0.999727,
            -0.0233512,
            0,
            0.068368,
            -0.99766,
            0,
            0.068368,
            -0.99766,
            0,
            0.99968,
            0.0253148,
            0,
            0.99968,
            0.0253148,
            0,
            0.99968,
            0.0253148,
            0,
            0.99968,
            0.0253148,
            0,
            -0.711771,
            -0.702411,
            0,
            -0.0228619,
            -0.999739,
            0,
            -0.0228619,
            -0.999739,
            0,
            -0.711771,
            -0.702411,
            0,
            -0.735836,
            0.67716,
            0,
            -0.735836,
            0.67716,
            0,
            -0.0733121,
            0.997309,
            0,
            -0.0733121,
            0.997309,
            0,
            0,
            0,
            1,
            0,
            0,
            1,
            0,
            0,
            1,
            0,
            0,
            1
          ]
        },
        "color": {
          "type": "uint8",
          "components": 4,
          "data": [
            255,
            255,
            255,
            255,
            255,
            255,
            255,
            255,
            255,
            255,
            255,
            255,
            255,
            255,
            255,
            255,
            255,
            255,
            255,
            255,
            255,
            255,
            255,
            255,
            255,
            255,
            255,
            255,
            255,
            255,
            255,
            255,
            255,
            255,
            255,
            255,
            255,
            255,
            255,
            255,
            255,
            255,
            255,
            255,
            255,
            255,
            255,
            255,
            255,
            255,
            255,
            255,
            255,
            255,
            255,
            255,
            255,
            255,
            255,
            255,
            255,
            255,
            255,
            255,
            255,
            255,
            255,
            255,
            255,
            255,
            255,
            255,
            255,
            255,
            255,
            255,
            255,
            255,
            255,
            255,
            255,
            255,
            255,
            255,
            255,
            255,
            255,
            255,
            255,
            255,
            255,
            255,
            255,
            255,
            255,
            255,
            255,
            255,
            255,
            255,
            255,
            255,
            255,
            255,
            255,
            255,
            255,
            255,
            255,
            255,
            255,
            255,
            255,
            255,
            255,
            255,
            255,
            255,
            255,
            255,
            255,
            255,
            255,
            255,
            255,
            255,
            255,
            255
          ]
        },
        "texCoord0": {
          "type": "float32",
          "components": 2,